<?xml version="1.0" encoding="UTF-8"?>
<databaseChangeLog
        xmlns="http://www.liquibase.org/xml/ns/dbchangelog"
        xmlns:xsi="http://www.w3.org/2001/XMLSchema-instance"
        xsi:schemaLocation="http://www.liquibase.org/xml/ns/dbchangelog
        http://www.liquibase.org/xml/ns/dbchangelog/dbchangelog-3.8.xsd">

    <changeSet id="3" author="davidsbv">
        <createTable tableName="roles">
            <column name="id" type="INT" autoIncrement="true">
                <constraints primaryKey="true" nullable="false"/>
            </column>
            <column name="name" type="VARCHAR(255)">
                <constraints nullable="false" unique="true"/>
            </column>
        </createTable>
    </changeSet>

    <changeSet id="4" author="davidsbv">
        <createTable tableName="users">
            <column name="id" type="INT" autoIncrement="true">
                <constraints primaryKey="true" nullable="false"/>
            </column>
            <column name="name" type="VARCHAR(255)">
                <constraints nullable="false"/>
            </column>
            <column name="mail" type="VARCHAR(255)">
                <constraints nullable="false" unique="true"/>
            </column>
            <column name="password" type="VARCHAR(255)">
                <constraints nullable="false"/>
            </column>
            <column name="role_name" type="VARCHAR(50)">
                <constraints nullable="false"/>
            </column>
        </createTable>

        <addForeignKeyConstraint
                baseTableName="users"
                baseColumnNames="role_name"
                referencedTableName="roles"
                referencedColumnNames="name"
                constraintName="fk_user_role"/>
    </changeSet>

    <changeSet id="5" author="davidsbv">
        <insert tableName="roles">
            <column name="name" value="ROLE_CLIENT"/>
        </insert>
        <insert tableName="roles">
            <column name="name" value="ROLE_VENDOR"/>
        </insert>
        <insert tableName="roles">
            <column name="name" value="ROLE_ADMIN"/>
        </insert>
    </changeSet>
</databaseChangeLog>
